Raj,1244567890,john@eample.com
Alice Smith,0987654321,alice@example.com
Bob Johnson,1112223333,bob@company.com
Carol White,4445556666,carol@company.com
David Brown,7778889999,david@example.com
Eve Davis,6665554444,eve@example.com
Frank Miller,3334445555,frank@example.com
Grace Wilson,2223334444,grace@example.com
Hannah Clar,5556667777,hannah@example.com
Ian Lewis,8889990000,ian@example.com
eee,1232134567,dd@gmail.com
rah,1234532456,g@gmil.com
Madhava Raj B,9188420714,madhavaraj714@gmail.com
Pranav,9178563423,pranav@gmail.com
